CREATE TABLE IF NOT EXISTS "auth_group" ("id" integer NOT NULL PRIMARY KEY AUTOINCREMENT, "name" varchar(150) NOT NULL UNIQUE);
CREATE UNIQUE INDEX "django_content_type_app_label_model_76bd3d3b_uniq" ON "django_content_type" ("app_label", "model");
CREATE UNIQUE INDEX "auth_group_permissions_group_id_permission_id_0cd325b0_uniq" ON "auth_group_permissions" ("group_id", "permission_id");
CREATE INDEX IF NOT EXISTS "auth_group_permissions_group_id_b120cbf9" ON "auth_group_permissions" ("group_id");
CREATE INDEX IF NOT EXISTS "auth_group_permissions_permission_id_84c5c92e" ON "auth_group_permissions" ("permission_id");
CREATE UNIQUE INDEX "auth_permission_content_type_id_codename_01ab375a_uniq" ON "auth_permission" ("content_type_id", "codename");
CREATE INDEX IF NOT EXISTS "auth_permission_content_type_id_2f476e4b" ON "auth_permission" ("content_type_id");
CREATE UNIQUE INDEX "base_user_groups_user_id_group_id_774631b7_uniq" ON "base_user_groups" ("user_id", "group_id");
CREATE INDEX IF NOT EXISTS "base_user_groups_user_id_29a796b6" ON "base_user_groups" ("user_id");
CREATE INDEX IF NOT EXISTS "base_user_groups_group_id_c0eca7d6" ON "base_user_groups" ("group_id");
CREATE UNIQUE INDEX "base_user_user_permissions_user_id_permission_id_e9093277_uniq" ON "base_user_user_permissions" ("user_id", "permission_id");
CREATE INDEX IF NOT EXISTS "base_user_user_permissions_user_id_2eec4d63" ON "base_user_user_permissions" ("user_id");
CREATE INDEX IF NOT EXISTS "base_user_user_permissions_permission_id_0418bc02" ON "base_user_user_permissions" ("permission_id");
CREATE INDEX IF NOT EXISTS "django_admin_log_content_type_id_c4bce8eb" ON "django_admin_log" ("content_type_id");
CREATE INDEX IF NOT EXISTS "django_admin_log_user_id_c564eba6" ON "django_admin_log" ("user_id");
CREATE INDEX IF NOT EXISTS "django_session_expire_date_a5c62663" ON "django_session" ("expire_date");
CREATE INDEX IF NOT EXISTS "base_ride_username_id_3da1d24d" ON "base_ride" ("username_id");
CREATE TABLE IF NOT EXISTS "auth_group_permissions" ("id" integer NOT NULL PRIMARY KEY AUTOINCREMENT, "group_id" integer NOT NULL REFERENCES "auth_group" ("id") DEFERRABLE INITIALLY DEFERRED, "permission_id" integer NOT NULL REFERENCES "auth_permission" ("id") DEFERRABLE INITIALLY DEFERRED);
CREATE UNIQUE INDEX "django_content_type_app_label_model_76bd3d3b_uniq" ON "django_content_type" ("app_label", "model");
CREATE UNIQUE INDEX "auth_group_permissions_group_id_permission_id_0cd325b0_uniq" ON "auth_group_permissions" ("group_id", "permission_id");
CREATE INDEX IF NOT EXISTS "auth_group_permissions_group_id_b120cbf9" ON "auth_group_permissions" ("group_id");
CREATE INDEX IF NOT EXISTS "auth_group_permissions_permission_id_84c5c92e" ON "auth_group_permissions" ("permission_id");
CREATE UNIQUE INDEX "auth_permission_content_type_id_codename_01ab375a_uniq" ON "auth_permission" ("content_type_id", "codename");
CREATE INDEX IF NOT EXISTS "auth_permission_content_type_id_2f476e4b" ON "auth_permission" ("content_type_id");
CREATE UNIQUE INDEX "base_user_groups_user_id_group_id_774631b7_uniq" ON "base_user_groups" ("user_id", "group_id");
CREATE INDEX IF NOT EXISTS "base_user_groups_user_id_29a796b6" ON "base_user_groups" ("user_id");
CREATE INDEX IF NOT EXISTS "base_user_groups_group_id_c0eca7d6" ON "base_user_groups" ("group_id");
CREATE UNIQUE INDEX "base_user_user_permissions_user_id_permission_id_e9093277_uniq" ON "base_user_user_permissions" ("user_id", "permission_id");
CREATE INDEX IF NOT EXISTS "base_user_user_permissions_user_id_2eec4d63" ON "base_user_user_permissions" ("user_id");
CREATE INDEX IF NOT EXISTS "base_user_user_permissions_permission_id_0418bc02" ON "base_user_user_permissions" ("permission_id");
CREATE INDEX IF NOT EXISTS "django_admin_log_content_type_id_c4bce8eb" ON "django_admin_log" ("content_type_id");
CREATE INDEX IF NOT EXISTS "django_admin_log_user_id_c564eba6" ON "django_admin_log" ("user_id");
CREATE INDEX IF NOT EXISTS "django_session_expire_date_a5c62663" ON "django_session" ("expire_date");
CREATE INDEX IF NOT EXISTS "base_ride_username_id_3da1d24d" ON "base_ride" ("username_id");
CREATE TABLE IF NOT EXISTS "auth_permission" ("id" integer NOT NULL PRIMARY KEY AUTOINCREMENT, "content_type_id" integer NOT NULL REFERENCES "django_content_type" ("id") DEFERRABLE INITIALLY DEFERRED, "codename" varchar(100) NOT NULL, "name" varchar(255) NOT NULL);
INSERT INTO "auth_permission" VALUES(1,1,'add_logentry','Can add log entry');
INSERT INTO "auth_permission" VALUES(2,1,'change_logentry','Can change log entry');
INSERT INTO "auth_permission" VALUES(3,1,'delete_logentry','Can delete log entry');
INSERT INTO "auth_permission" VALUES(4,1,'view_logentry','Can view log entry');
INSERT INTO "auth_permission" VALUES(5,2,'add_permission','Can add permission');
INSERT INTO "auth_permission" VALUES(6,2,'change_permission','Can change permission');
INSERT INTO "auth_permission" VALUES(7,2,'delete_permission','Can delete permission');
INSERT INTO "auth_permission" VALUES(8,2,'view_permission','Can view permission');
INSERT INTO "auth_permission" VALUES(9,3,'add_group','Can add group');
INSERT INTO "auth_permission" VALUES(10,3,'change_group','Can change group');
INSERT INTO "auth_permission" VALUES(11,3,'delete_group','Can delete group');
INSERT INTO "auth_permission" VALUES(12,3,'view_group','Can view group');
INSERT INTO "auth_permission" VALUES(13,4,'add_contenttype','Can add content type');
INSERT INTO "auth_permission" VALUES(14,4,'change_contenttype','Can change content type');
INSERT INTO "auth_permission" VALUES(15,4,'delete_contenttype','Can delete content type');
INSERT INTO "auth_permission" VALUES(16,4,'view_contenttype','Can view content type');
INSERT INTO "auth_permission" VALUES(17,5,'add_session','Can add session');
INSERT INTO "auth_permission" VALUES(18,5,'change_session','Can change session');
INSERT INTO "auth_permission" VALUES(19,5,'delete_session','Can delete session');
INSERT INTO "auth_permission" VALUES(20,5,'view_session','Can view session');
INSERT INTO "auth_permission" VALUES(21,6,'add_user','Can add user');
INSERT INTO "auth_permission" VALUES(22,6,'change_user','Can change user');
INSERT INTO "auth_permission" VALUES(23,6,'delete_user','Can delete user');
INSERT INTO "auth_permission" VALUES(24,6,'view_user','Can view user');
INSERT INTO "auth_permission" VALUES(25,7,'add_proposal','Can add proposal');
INSERT INTO "auth_permission" VALUES(26,7,'change_proposal','Can change proposal');
INSERT INTO "auth_permission" VALUES(27,7,'delete_proposal','Can delete proposal');
INSERT INTO "auth_permission" VALUES(28,7,'view_proposal','Can view proposal');
INSERT INTO "auth_permission" VALUES(29,8,'add_ride','Can add ride');
INSERT INTO "auth_permission" VALUES(30,8,'change_ride','Can change ride');
INSERT INTO "auth_permission" VALUES(31,8,'delete_ride','Can delete ride');
INSERT INTO "auth_permission" VALUES(32,8,'view_ride','Can view ride');
CREATE UNIQUE INDEX "django_content_type_app_label_model_76bd3d3b_uniq" ON "django_content_type" ("app_label", "model");
CREATE UNIQUE INDEX "auth_group_permissions_group_id_permission_id_0cd325b0_uniq" ON "auth_group_permissions" ("group_id", "permission_id");
CREATE INDEX IF NOT EXISTS "auth_group_permissions_group_id_b120cbf9" ON "auth_group_permissions" ("group_id");
CREATE INDEX IF NOT EXISTS "auth_group_permissions_permission_id_84c5c92e" ON "auth_group_permissions" ("permission_id");
CREATE UNIQUE INDEX "auth_permission_content_type_id_codename_01ab375a_uniq" ON "auth_permission" ("content_type_id", "codename");
CREATE INDEX IF NOT EXISTS "auth_permission_content_type_id_2f476e4b" ON "auth_permission" ("content_type_id");
CREATE UNIQUE INDEX "base_user_groups_user_id_group_id_774631b7_uniq" ON "base_user_groups" ("user_id", "group_id");
CREATE INDEX IF NOT EXISTS "base_user_groups_user_id_29a796b6" ON "base_user_groups" ("user_id");
CREATE INDEX IF NOT EXISTS "base_user_groups_group_id_c0eca7d6" ON "base_user_groups" ("group_id");
CREATE UNIQUE INDEX "base_user_user_permissions_user_id_permission_id_e9093277_uniq" ON "base_user_user_permissions" ("user_id", "permission_id");
CREATE INDEX IF NOT EXISTS "base_user_user_permissions_user_id_2eec4d63" ON "base_user_user_permissions" ("user_id");
CREATE INDEX IF NOT EXISTS "base_user_user_permissions_permission_id_0418bc02" ON "base_user_user_permissions" ("permission_id");
CREATE INDEX IF NOT EXISTS "django_admin_log_content_type_id_c4bce8eb" ON "django_admin_log" ("content_type_id");
CREATE INDEX IF NOT EXISTS "django_admin_log_user_id_c564eba6" ON "django_admin_log" ("user_id");
CREATE INDEX IF NOT EXISTS "django_session_expire_date_a5c62663" ON "django_session" ("expire_date");
CREATE INDEX IF NOT EXISTS "base_ride_username_id_3da1d24d" ON "base_ride" ("username_id");
CREATE TABLE IF NOT EXISTS "base_proposal" ("id" char(32) NOT NULL PRIMARY KEY, "riderEmail" varchar(254) NOT NULL, "riderPhoneNumber" varchar(20) NOT NULL, "senderEmail" varchar(254) NOT NULL, "rideTrackId" varchar(100) NOT NULL, "rideType" varchar(50) NOT NULL, "goodsName" varchar(250) NOT NULL, "receiverName" varchar(250) NOT NULL, "receiverAddress" varchar(250) NOT NULL, "receiverPhoneNumber" varchar(50) NOT NULL, "amount" text NOT NULL, "goodsDescription" text NOT NULL, "created" datetime NOT NULL, "update" datetime NOT NULL, "deliver" bool NOT NULL, "accepted" bool NOT NULL, "rideName" varchar(50) NOT NULL, "riderUsername" varchar(50) NOT NULL, "senderName" varchar(100) NOT NULL, "deliveryPassword" varchar(10) NULL, "senderPhoneNumber" varchar(20) NOT NULL);
INSERT INTO "base_proposal" VALUES('76d2209d9ef7445392f525bb0248d05f','kkk@gmail.com','08039523300','az@gmail.com','8b78c035-5f88-4731-bace-717bcdfae106','Bike','Laptops','Mr  Abdul-Azeez  Kolawole','number 5 Aye Toro street','08169560559','2500','I am sending a Dell laptop  to Mr Abdul-Azeez Adedeji Suleiman 
the package contain a Dell laptop  well fully packaged, with an adapter charger','2023-04-04 16:28:56.042551','2023-04-08 08:03:54.769925',1,1,'Speedoo Flyer','08169560559','Olawale James Kelvin','1ed776ed-f','08078186010');
INSERT INTO "base_proposal" VALUES('c2877d3d78f84b66b86ab6f96fc21acc','ggsf@gmail.com','8039523300','az@gmail.com','8b78c035-5f88-4731-bace-717bcdfae106','Bike','Ram','Alhaji Fresh','25, Alhaji fresh street, Ogbomosho Lagos','09154639736','1950','A very mighty ram, with six horns and very clean teeth.','2023-04-06 16:46:40.970572','2023-04-08 08:11:45.631583',1,1,'Speedoo Flyer','08169560559','Olawale James Kelvin','154807f3-4','08078186010');
INSERT INTO "base_proposal" VALUES('5ba4a768a82a464b8a1e9fd8d67916e3','','08039523300','az@gmail.com','8b78c035-5f88-4731-bace-717bcdfae106','Bike','Wireless mouse ','Mr Jackson  kelechi','Ojodu beger','08169560559','5000','I want to send a wireless  mouse to Mr Jackson  kelechi at ojodu beger, the wireless  mouse is white in color, and it is well packed in the carton  and sealed.','2023-04-08 11:43:54.308569','2023-04-08 11:43:54.308569',0,0,'Speedoo Flyer','08169560559','Olawale James Kelvin','7c45922c-a','08078186010');
CREATE UNIQUE INDEX "django_content_type_app_label_model_76bd3d3b_uniq" ON "django_content_type" ("app_label", "model");
CREATE UNIQUE INDEX "auth_group_permissions_group_id_permission_id_0cd325b0_uniq" ON "auth_group_permissions" ("group_id", "permission_id");
CREATE INDEX IF NOT EXISTS "auth_group_permissions_group_id_b120cbf9" ON "auth_group_permissions" ("group_id");
CREATE INDEX IF NOT EXISTS "auth_group_permissions_permission_id_84c5c92e" ON "auth_group_permissions" ("permission_id");
CREATE UNIQUE INDEX "auth_permission_content_type_id_codename_01ab375a_uniq" ON "auth_permission" ("content_type_id", "codename");
CREATE INDEX IF NOT EXISTS "auth_permission_content_type_id_2f476e4b" ON "auth_permission" ("content_type_id");
CREATE UNIQUE INDEX "base_user_groups_user_id_group_id_774631b7_uniq" ON "base_user_groups" ("user_id", "group_id");
CREATE INDEX IF NOT EXISTS "base_user_groups_user_id_29a796b6" ON "base_user_groups" ("user_id");
CREATE INDEX IF NOT EXISTS "base_user_groups_group_id_c0eca7d6" ON "base_user_groups" ("group_id");
CREATE UNIQUE INDEX "base_user_user_permissions_user_id_permission_id_e9093277_uniq" ON "base_user_user_permissions" ("user_id", "permission_id");
CREATE INDEX IF NOT EXISTS "base_user_user_permissions_user_id_2eec4d63" ON "base_user_user_permissions" ("user_id");
CREATE INDEX IF NOT EXISTS "base_user_user_permissions_permission_id_0418bc02" ON "base_user_user_permissions" ("permission_id");
CREATE INDEX IF NOT EXISTS "django_admin_log_content_type_id_c4bce8eb" ON "django_admin_log" ("content_type_id");
CREATE INDEX IF NOT EXISTS "django_admin_log_user_id_c564eba6" ON "django_admin_log" ("user_id");
CREATE INDEX IF NOT EXISTS "django_session_expire_date_a5c62663" ON "django_session" ("expire_date");
CREATE INDEX IF NOT EXISTS "base_ride_username_id_3da1d24d" ON "base_ride" ("username_id");
CREATE TABLE IF NOT EXISTS "base_ride" ("id" char(32) NOT NULL PRIMARY KEY, "rideName" varchar(100) NOT NULL, "rideType" varchar(50) NOT NULL, "phoneNumber" varchar(20) NOT NULL, "image" varchar(100) NOT NULL, "preview1" varchar(100) NOT NULL, "preview2" varchar(100) NOT NULL, "preview3" varchar(100) NOT NULL, "preview4" varchar(100) NOT NULL, "preview5" varchar(100) NOT NULL, "rideDescription" text NOT NULL, "state" varchar(100) NOT NULL, "localGov" varchar(200) NOT NULL, "price" varchar(1000) NOT NULL, "created" datetime NOT NULL, "updated" datetime NOT NULL, "verified" bool NOT NULL, "username_id" bigint NOT NULL REFERENCES "base_user" ("id") DEFERRABLE INITIALLY DEFERRED, "latitude" varchar(100) NOT NULL, "longitude" varchar(100) NOT NULL);
INSERT INTO "base_ride" VALUES('8b78c0355f884731bace717bcdfae106','Speedoo Flyer','Bike','08039523300','author-1_t4nUkoX.jpg','author-2_YpHH3CM.jpg','author-3_mKFPTGR.jpg','author-4_5Aqz2Fm.jpg','author-5_waCeVgJ.jpg','author-6_J5Sh8yT.jpg','Lorem ipsum dolor sit amet, consectetur adipiscing elit, sed do eiusmod tempor incididunt ut labore et dolore magna aliqua. Molestie at elementum eu facilisis sed odio. Sed vulputate odio ut enim blandit. Pharetra convallis posuere morbi leo. Laoreet id donec ultrices tincidunt arcu non. Mauris ultrices eros in cursus turpis massa. Vivamus at augue eget arcu dictum varius duis at. Ultrices gravida dictum fusce ut. Dis parturient montes nascetur ridiculus. Aliquam faucibus purus in massa. Ac tortor dignissim convallis aenean et tortor. Sem viverra aliquet eget sit amet tellus cras adipiscing enim. Placerat duis ultricies lacus sed turpis tincidunt. Id faucibus nisl tincidunt eget nullam non nisi.

Ut sem viverra aliquet eget sit amet tellus. Elit ullamcorper dignissim cras tincidunt. Pretium vulputate sapien nec sagittis. Gravida in fermentum et sollicitudin ac orci phasellus egestas tellus. Interdum velit laoreet id donec ultrices tincidunt arcu non. Dui id ornare arcu odio ut. Ut venenatis tellus in metus vulputate eu scelerisque felis imperdiet. Nibh tortor id aliquet lectus. Risus pretium quam vulputate dignissim suspendisse. Amet risus nullam eget felis eget nunc lobortis mattis. Bibendum neque egestas congue quisque egestas diam in. Hac habitasse platea dictumst vestibulum rhoncus est pellentesque elit. Sed risus ultricies tristique nulla aliquet enim.

Non enim praesent elementum facilisis leo vel fringilla est ullamcorper. Natoque penatibus et magnis dis parturient montes nascetur. Dictum fusce ut placerat orci nulla pellentesque. Praesent tristique magna sit amet purus gravida. Ac felis donec et odio pellentesque. Duis convallis convallis tellus id interdum velit laoreet id. Nam aliquam sem et tortor consequat. In vitae turpis massa sed elementum. Risus commodo viverra maecenas accumsan lacus vel facilisis volutpat est. Sed adipiscing diam donec adipiscing tristique risus nec feugiat. Quis varius quam quisque id diam vel quam. Mauris pellentesque pulvinar pellentesque habitant. Fermentum dui faucibus in ornare quam viverra. Euismod quis viverra nibh cras pulvinar mattis nunc sed blandit. Tristique risus nec feugiat in. Ac tortor vitae purus faucibus. Egestas purus viverra accumsan in.

Tincidunt id aliquet risus feugiat in ante metus dictum. Diam quam nulla porttitor massa. Leo duis ut diam quam. Imperdiet dui accumsan sit amet nulla. Sem nulla pharetra diam sit amet nisl suscipit adipiscing bibendum. Amet venenatis urna cursus eget nunc scelerisque viverra mauris. Placerat orci nulla pellentesque dignissim enim sit amet venenatis. Enim sit amet venenatis urna cursus eget nunc scelerisque viverra. Rhoncus urna neque viverra justo nec ultrices dui. Quam id leo in vitae turpis massa sed. Nisl suscipit adipiscing bibendum est ultricies integer. Ut tortor pretium viverra suspendisse potenti nullam ac tortor. Nam at lectus urna duis. Diam in arcu cursus euismod quis viverra nibh. Tellus id interdum velit laoreet id donec ultrices. Cum sociis natoque penatibus et magnis dis parturient. Id ornare arcu odio ut sem. Facilisi morbi tempus iaculis urna id. Nam libero justo laoreet sit amet cursus.

Commodo odio aenean sed adipiscing diam donec adipiscing tristique. Senectus et netus et malesuada fames ac turpis egestas maecenas. Scelerisque viverra mauris in aliquam sem fringilla ut morbi. Cras sed felis eget velit. Sed risus ultricies tristique nulla aliquet enim tortor at auctor. Lobortis elementum nibh tellus molestie nunc non. Consectetur adipiscing elit ut aliquam purus sit. Volutpat ac tincidunt vitae semper quis lectus nulla at volutpat. Urna nunc id cursus metus aliquam eleifend mi in nulla. Pretium nibh ipsum consequat nisl. Sed faucibus turpis in eu mi bibendum neque egestas. Tristique senectus et netus et.

Eget est lorem ipsum dolor sit amet consectetur adipiscing. Tellus at urna condimentum mattis pellentesque id nibh tortor. Tincidunt praesent semper feugiat nibh sed pulvinar proin gravida hendrerit. Massa id neque aliquam vestibulum. Quam adipiscing vitae proin sagittis nisl rhoncus mattis rhoncus. Varius sit amet mattis vulputate. Tristique magna sit amet purus gravida quis blandit turpis. Pharetra massa massa ultricies mi. Ut consequat semper viverra nam. Etiam non quam lacus suspendisse faucibus. Ultrices dui sapien eget mi proin sed libero enim sed. Placerat duis ultricies lacus sed turpis. Viverra ipsum nunc aliquet bibendum enim facilisis gravida. Ac odio tempor orci dapibus. Condimentum mattis pellentesque id nibh tortor id. Posuere sollicitudin aliquam ultrices sagittis orci a scelerisque purus.

Vehicula ipsum a arcu cursus vitae congue mauris rhoncus aenean. Risus ultricies tristique nulla aliquet enim tortor at auctor urna. Nulla malesuada pellentesque elit eget gravida cum sociis natoque penatibus. Sit amet facilisis magna etiam. Consequat id porta nibh venenatis cras sed felis eget velit. Varius morbi enim nunc faucibus a pellentesque. Est ultricies integer quis auctor elit sed vulputate mi. Sed adipiscing diam donec adipiscing tristique risus nec feugiat. In nibh mauris cursus mattis. A condimentum vitae sapien pellentesque habitant morbi. Ultricies lacus sed turpis tincidunt id aliquet. Placerat duis ultricies lacus sed turpis tincidunt id aliquet risus. Odio ut sem nulla pharetra diam sit amet. Blandit libero volutpat sed cras. Eu nisl nunc mi ipsum faucibus vitae aliquet nec. Et ligula ullamcorper malesuada proin libero nunc consequat interdum varius.

Mauris augue neque gravida in. Risus nullam eget felis eget nunc lobortis. Pulvinar pellentesque habitant morbi tristique senectus et. Felis donec et odio pellentesque. Aliquam malesuada bibendum arcu vitae elementum curabitur vitae nunc. Duis ultricies lacus sed turpis tincidunt id aliquet risus feugiat. Mollis nunc sed id semper. Sed libero enim sed faucibus turpis. Scelerisque fermentum dui faucibus in ornare quam viverra. Aliquet lectus proin nibh nisl condimentum id venenatis a. At imperdiet dui accumsan sit amet nulla facilisi morbi. Velit dignissim sodales ut eu sem integer vitae justo. Aliquet enim tortor at auctor. Sed arcu non odio euismod lacinia at. At varius vel pharetra vel turpis nunc eget lorem. Massa tempor nec feugiat nisl. Orci sagittis eu volutpat odio facilisis. Tortor aliquam nulla facilisi cras fermentum odio.

Ut eu sem integer vitae justo eget. Semper eget duis at tellus at urna. Consequat nisl vel pretium lectus quam. Id diam maecenas ultricies mi eget. Tellus integer feugiat scelerisque varius morbi enim nunc faucibus. Sollicitudin tempor id eu nisl nunc. In tellus integer feugiat scelerisque varius morbi enim nunc faucibus. Eget mauris pharetra et ultrices neque ornare aenean. Fermentum posuere urna nec tincidunt praesent semper feugiat nibh. Nisl vel pretium lectus quam id leo. Cras sed felis eget velit aliquet sagittis. Laoreet suspendisse interdum consectetur libero id. Odio pellentesque diam volutpat commodo sed egestas egestas. Velit ut tortor pretium viverra.

Nunc lobortis mattis aliquam faucibus purus in massa tempor. Felis imperdiet proin fermentum leo vel. Mattis nunc sed blandit libero volutpat. Nulla aliquet porttitor lacus luctus accumsan tortor. Lacus luctus accumsan tortor posuere ac ut. Mattis enim ut tellus elementum sagittis vitae et. Magna fermentum iaculis eu non. Vestibulum mattis ullamcorper velit sed ullamcorper morbi tincidunt ornare. Id aliquet lectus proin nibh. Tortor dignissim convallis aenean et tortor at. Egestas maecenas pharetra convallis posuere morbi leo urna molestie. Diam sit amet nisl suscipit adipiscing bibendum est ultricies integer. Vivamus arcu felis bibendum ut tristique et. Egestas integer eget aliquet nibh praesent tristique. At varius vel pharetra vel turpis nunc. Egestas tellus rutrum tellus pellentesque. Tempus urna et pharetra pharetra massa massa ultricies mi. Dui sapien eget mi proin sed libero enim sed faucibus.','Lagos','Eti-osa','Ogombo','2023-03-23 16:20:47.564519','2023-04-08 21:37:50.911672',1,1,'6.449546','3.611875');
CREATE UNIQUE INDEX "django_content_type_app_label_model_76bd3d3b_uniq" ON "django_content_type" ("app_label", "model");
CREATE UNIQUE INDEX "auth_group_permissions_group_id_permission_id_0cd325b0_uniq" ON "auth_group_permissions" ("group_id", "permission_id");
CREATE INDEX IF NOT EXISTS "auth_group_permissions_group_id_b120cbf9" ON "auth_group_permissions" ("group_id");
CREATE INDEX IF NOT EXISTS "auth_group_permissions_permission_id_84c5c92e" ON "auth_group_permissions" ("permission_id");
CREATE UNIQUE INDEX "auth_permission_content_type_id_codename_01ab375a_uniq" ON "auth_permission" ("content_type_id", "codename");
CREATE INDEX IF NOT EXISTS "auth_permission_content_type_id_2f476e4b" ON "auth_permission" ("content_type_id");
CREATE UNIQUE INDEX "base_user_groups_user_id_group_id_774631b7_uniq" ON "base_user_groups" ("user_id", "group_id");
CREATE INDEX IF NOT EXISTS "base_user_groups_user_id_29a796b6" ON "base_user_groups" ("user_id");
CREATE INDEX IF NOT EXISTS "base_user_groups_group_id_c0eca7d6" ON "base_user_groups" ("group_id");
CREATE UNIQUE INDEX "base_user_user_permissions_user_id_permission_id_e9093277_uniq" ON "base_user_user_permissions" ("user_id", "permission_id");
CREATE INDEX IF NOT EXISTS "base_user_user_permissions_user_id_2eec4d63" ON "base_user_user_permissions" ("user_id");
CREATE INDEX IF NOT EXISTS "base_user_user_permissions_permission_id_0418bc02" ON "base_user_user_permissions" ("permission_id");
CREATE INDEX IF NOT EXISTS "django_admin_log_content_type_id_c4bce8eb" ON "django_admin_log" ("content_type_id");
CREATE INDEX IF NOT EXISTS "django_admin_log_user_id_c564eba6" ON "django_admin_log" ("user_id");
CREATE INDEX IF NOT EXISTS "django_session_expire_date_a5c62663" ON "django_session" ("expire_date");
CREATE INDEX IF NOT EXISTS "base_ride_username_id_3da1d24d" ON "base_ride" ("username_id");
CREATE TABLE IF NOT EXISTS "base_user" ("id" integer NOT NULL PRIMARY KEY AUTOINCREMENT, "password" varchar(128) NOT NULL, "last_login" datetime NULL, "is_superuser" bool NOT NULL, "username" varchar(150) NOT NULL UNIQUE, "first_name" varchar(150) NOT NULL, "last_name" varchar(150) NOT NULL, "is_staff" bool NOT NULL, "is_active" bool NOT NULL, "date_joined" datetime NOT NULL, "fullName" varchar(100) NOT NULL, "email" varchar(254) NOT NULL, "phoneNumber" varchar(20) NOT NULL UNIQUE, "ninslip" varchar(100) NOT NULL, "verify" bool NOT NULL);
INSERT INTO "base_user" VALUES(1,'pbkdf2_sha256$390000$6R4LTU7o9CeKzVcPB34V2V$zdCccrjaP1imKaNPVYGDRQupIc/Ve/i6xuasVizvM0w=','2023-04-08 21:17:39.052393',1,'speedoo','Azeez','Adedeji',1,1,'2023-03-23 14:42:37','Azeez Adedeji','azeezadedeji638@gmail.com','08169560559','author-1_QppR7TI.jpg',0);
INSERT INTO "base_user" VALUES(2,'pbkdf2_sha256$390000$1LPJpxTaMXwe41jOv1u9NJ$jQ9AXWtyi2ntTrujKufoE7GbOeDPZzC29TvK+Ko0bA8=','2023-04-08 10:57:13.756717',0,'James','','',0,1,'2023-03-27 14:34:32','Olawale James Kelvin','az@gmail.com','08078186010','featured-1.jpg',0);
CREATE UNIQUE INDEX "django_content_type_app_label_model_76bd3d3b_uniq" ON "django_content_type" ("app_label", "model");
CREATE UNIQUE INDEX "auth_group_permissions_group_id_permission_id_0cd325b0_uniq" ON "auth_group_permissions" ("group_id", "permission_id");
CREATE INDEX IF NOT EXISTS "auth_group_permissions_group_id_b120cbf9" ON "auth_group_permissions" ("group_id");
CREATE INDEX IF NOT EXISTS "auth_group_permissions_permission_id_84c5c92e" ON "auth_group_permissions" ("permission_id");
CREATE UNIQUE INDEX "auth_permission_content_type_id_codename_01ab375a_uniq" ON "auth_permission" ("content_type_id", "codename");
CREATE INDEX IF NOT EXISTS "auth_permission_content_type_id_2f476e4b" ON "auth_permission" ("content_type_id");
CREATE UNIQUE INDEX "base_user_groups_user_id_group_id_774631b7_uniq" ON "base_user_groups" ("user_id", "group_id");
CREATE INDEX IF NOT EXISTS "base_user_groups_user_id_29a796b6" ON "base_user_groups" ("user_id");
CREATE INDEX IF NOT EXISTS "base_user_groups_group_id_c0eca7d6" ON "base_user_groups" ("group_id");
CREATE UNIQUE INDEX "base_user_user_permissions_user_id_permission_id_e9093277_uniq" ON "base_user_user_permissions" ("user_id", "permission_id");
CREATE INDEX IF NOT EXISTS "base_user_user_permissions_user_id_2eec4d63" ON "base_user_user_permissions" ("user_id");
CREATE INDEX IF NOT EXISTS "base_user_user_permissions_permission_id_0418bc02" ON "base_user_user_permissions" ("permission_id");
CREATE INDEX IF NOT EXISTS "django_admin_log_content_type_id_c4bce8eb" ON "django_admin_log" ("content_type_id");
CREATE INDEX IF NOT EXISTS "django_admin_log_user_id_c564eba6" ON "django_admin_log" ("user_id");
CREATE INDEX IF NOT EXISTS "django_session_expire_date_a5c62663" ON "django_session" ("expire_date");
CREATE INDEX IF NOT EXISTS "base_ride_username_id_3da1d24d" ON "base_ride" ("username_id");
CREATE TABLE IF NOT EXISTS "base_user_groups" ("id" integer NOT NULL PRIMARY KEY AUTOINCREMENT, "user_id" bigint NOT NULL REFERENCES "base_user" ("id") DEFERRABLE INITIALLY DEFERRED, "group_id" integer NOT NULL REFERENCES "auth_group" ("id") DEFERRABLE INITIALLY DEFERRED);
CREATE UNIQUE INDEX "django_content_type_app_label_model_76bd3d3b_uniq" ON "django_content_type" ("app_label", "model");
CREATE UNIQUE INDEX "auth_group_permissions_group_id_permission_id_0cd325b0_uniq" ON "auth_group_permissions" ("group_id", "permission_id");
CREATE INDEX IF NOT EXISTS "auth_group_permissions_group_id_b120cbf9" ON "auth_group_permissions" ("group_id");
CREATE INDEX IF NOT EXISTS "auth_group_permissions_permission_id_84c5c92e" ON "auth_group_permissions" ("permission_id");
CREATE UNIQUE INDEX "auth_permission_content_type_id_codename_01ab375a_uniq" ON "auth_permission" ("content_type_id", "codename");
CREATE INDEX IF NOT EXISTS "auth_permission_content_type_id_2f476e4b" ON "auth_permission" ("content_type_id");
CREATE UNIQUE INDEX "base_user_groups_user_id_group_id_774631b7_uniq" ON "base_user_groups" ("user_id", "group_id");
CREATE INDEX IF NOT EXISTS "base_user_groups_user_id_29a796b6" ON "base_user_groups" ("user_id");
CREATE INDEX IF NOT EXISTS "base_user_groups_group_id_c0eca7d6" ON "base_user_groups" ("group_id");
CREATE UNIQUE INDEX "base_user_user_permissions_user_id_permission_id_e9093277_uniq" ON "base_user_user_permissions" ("user_id", "permission_id");
CREATE INDEX IF NOT EXISTS "base_user_user_permissions_user_id_2eec4d63" ON "base_user_user_permissions" ("user_id");
CREATE INDEX IF NOT EXISTS "base_user_user_permissions_permission_id_0418bc02" ON "base_user_user_permissions" ("permission_id");
CREATE INDEX IF NOT EXISTS "django_admin_log_content_type_id_c4bce8eb" ON "django_admin_log" ("content_type_id");
CREATE INDEX IF NOT EXISTS "django_admin_log_user_id_c564eba6" ON "django_admin_log" ("user_id");
CREATE INDEX IF NOT EXISTS "django_session_expire_date_a5c62663" ON "django_session" ("expire_date");
CREATE INDEX IF NOT EXISTS "base_ride_username_id_3da1d24d" ON "base_ride" ("username_id");
CREATE TABLE IF NOT EXISTS "base_user_user_permissions" ("id" integer NOT NULL PRIMARY KEY AUTOINCREMENT, "user_id" bigint NOT NULL REFERENCES "base_user" ("id") DEFERRABLE INITIALLY DEFERRED, "permission_id" integer NOT NULL REFERENCES "auth_permission" ("id") DEFERRABLE INITIALLY DEFERRED);
CREATE UNIQUE INDEX "django_content_type_app_label_model_76bd3d3b_uniq" ON "django_content_type" ("app_label", "model");
CREATE UNIQUE INDEX "auth_group_permissions_group_id_permission_id_0cd325b0_uniq" ON "auth_group_permissions" ("group_id", "permission_id");
CREATE INDEX IF NOT EXISTS "auth_group_permissions_group_id_b120cbf9" ON "auth_group_permissions" ("group_id");
CREATE INDEX IF NOT EXISTS "auth_group_permissions_permission_id_84c5c92e" ON "auth_group_permissions" ("permission_id");
CREATE UNIQUE INDEX "auth_permission_content_type_id_codename_01ab375a_uniq" ON "auth_permission" ("content_type_id", "codename");
CREATE INDEX IF NOT EXISTS "auth_permission_content_type_id_2f476e4b" ON "auth_permission" ("content_type_id");
CREATE UNIQUE INDEX "base_user_groups_user_id_group_id_774631b7_uniq" ON "base_user_groups" ("user_id", "group_id");
CREATE INDEX IF NOT EXISTS "base_user_groups_user_id_29a796b6" ON "base_user_groups" ("user_id");
CREATE INDEX IF NOT EXISTS "base_user_groups_group_id_c0eca7d6" ON "base_user_groups" ("group_id");
CREATE UNIQUE INDEX "base_user_user_permissions_user_id_permission_id_e9093277_uniq" ON "base_user_user_permissions" ("user_id", "permission_id");
CREATE INDEX IF NOT EXISTS "base_user_user_permissions_user_id_2eec4d63" ON "base_user_user_permissions" ("user_id");
CREATE INDEX IF NOT EXISTS "base_user_user_permissions_permission_id_0418bc02" ON "base_user_user_permissions" ("permission_id");
CREATE INDEX IF NOT EXISTS "django_admin_log_content_type_id_c4bce8eb" ON "django_admin_log" ("content_type_id");
CREATE INDEX IF NOT EXISTS "django_admin_log_user_id_c564eba6" ON "django_admin_log" ("user_id");
CREATE INDEX IF NOT EXISTS "django_session_expire_date_a5c62663" ON "django_session" ("expire_date");
CREATE INDEX IF NOT EXISTS "base_ride_username_id_3da1d24d" ON "base_ride" ("username_id");
CREATE TABLE IF NOT EXISTS "django_admin_log" ("id" integer NOT NULL PRIMARY KEY AUTOINCREMENT, "object_id" text NULL, "object_repr" varchar(200) NOT NULL, "action_flag" smallint unsigned NOT NULL CHECK ("action_flag" >= 0), "change_message" text NOT NULL, "content_type_id" integer NULL REFERENCES "django_content_type" ("id") DEFERRABLE INITIALLY DEFERRED, "user_id" bigint NOT NULL REFERENCES "base_user" ("id") DEFERRABLE INITIALLY DEFERRED, "action_time" datetime NOT NULL);
INSERT INTO "django_admin_log" VALUES(1,'8b78c035-5f88-4731-bace-717bcdfae106','ride object (8b78c035-5f88-4731-bace-717bcdfae106)',2,'[{"changed": {"fields": ["RideType"]}}]',8,1,'2023-03-23 16:35:39.649496');
INSERT INTO "django_admin_log" VALUES(2,'1','+2348169560559',2,'[{"changed": {"fields": ["First name", "Last name", "FullName", "Email", "PhoneNumber", "Ninslip"]}}]',6,1,'2023-03-24 11:24:05.247140');
INSERT INTO "django_admin_log" VALUES(3,'8b70a7b8-6693-4200-9c01-3d1985a43cec','proposal object (8b70a7b8-6693-4200-9c01-3d1985a43cec)',2,'[{"changed": {"fields": ["RiderUsername", "RiderEmail"]}}]',7,1,'2023-03-27 08:26:15.877167');
INSERT INTO "django_admin_log" VALUES(4,'3e4b7369-6ef5-4474-a5c1-4b591d5ad94d','proposal object (3e4b7369-6ef5-4474-a5c1-4b591d5ad94d)',2,'[{"changed": {"fields": ["RiderUsername", "RiderEmail"]}}]',7,1,'2023-03-27 08:26:50.734033');
INSERT INTO "django_admin_log" VALUES(5,'1','08169560559',2,'[{"changed": {"fields": ["PhoneNumber"]}}]',6,1,'2023-03-27 08:27:15.770375');
INSERT INTO "django_admin_log" VALUES(6,'8b70a7b8-6693-4200-9c01-3d1985a43cec','proposal object (8b70a7b8-6693-4200-9c01-3d1985a43cec)',2,'[{"changed": {"fields": ["SenderPhoneNumber"]}}]',7,1,'2023-03-27 08:36:32.346543');
INSERT INTO "django_admin_log" VALUES(7,'3e4b7369-6ef5-4474-a5c1-4b591d5ad94d','proposal object (3e4b7369-6ef5-4474-a5c1-4b591d5ad94d)',2,'[{"changed": {"fields": ["SenderPhoneNumber"]}}]',7,1,'2023-03-27 08:36:58.897836');
INSERT INTO "django_admin_log" VALUES(8,'8b70a7b8-6693-4200-9c01-3d1985a43cec','proposal object (8b70a7b8-6693-4200-9c01-3d1985a43cec)',3,'',7,1,'2023-03-27 14:32:54.117354');
INSERT INTO "django_admin_log" VALUES(9,'3e4b7369-6ef5-4474-a5c1-4b591d5ad94d','proposal object (3e4b7369-6ef5-4474-a5c1-4b591d5ad94d)',3,'',7,1,'2023-03-27 14:32:54.334217');
INSERT INTO "django_admin_log" VALUES(10,'8b78c035-5f88-4731-bace-717bcdfae106','ride object (8b78c035-5f88-4731-bace-717bcdfae106)',2,'[{"changed": {"fields": ["RideDescription"]}}]',8,1,'2023-03-29 09:07:55.093746');
INSERT INTO "django_admin_log" VALUES(11,'8b78c035-5f88-4731-bace-717bcdfae106','ride object (8b78c035-5f88-4731-bace-717bcdfae106)',2,'[{"changed": {"fields": ["Latitude", "Longitude"]}}]',8,1,'2023-03-31 09:56:14.447152');
INSERT INTO "django_admin_log" VALUES(12,'8b78c035-5f88-4731-bace-717bcdfae106','ride object (8b78c035-5f88-4731-bace-717bcdfae106)',2,'[{"changed": {"fields": ["Latitude", "Longitude"]}}]',8,1,'2023-03-31 11:20:06.009057');
INSERT INTO "django_admin_log" VALUES(13,'3d278087-906e-433d-945b-51ebeb231982','proposal object (3d278087-906e-433d-945b-51ebeb231982)',2,'[{"changed": {"fields": ["RiderEmail", "DeliveryPassword"]}}]',7,1,'2023-04-04 11:31:15.839585');
INSERT INTO "django_admin_log" VALUES(14,'d161f284-f4bc-4432-b21f-fdbe04376ae7','proposal object (d161f284-f4bc-4432-b21f-fdbe04376ae7)',3,'',7,1,'2023-04-04 16:18:36.551024');
INSERT INTO "django_admin_log" VALUES(15,'3d278087-906e-433d-945b-51ebeb231982','proposal object (3d278087-906e-433d-945b-51ebeb231982)',3,'',7,1,'2023-04-04 16:18:36.669697');
INSERT INTO "django_admin_log" VALUES(16,'76d2209d-9ef7-4453-92f5-25bb0248d05f','proposal object (76d2209d-9ef7-4453-92f5-25bb0248d05f)',2,'[{"changed": {"fields": ["RiderEmail", "ReceiverAddress"]}}]',7,1,'2023-04-04 16:46:21.992106');
INSERT INTO "django_admin_log" VALUES(17,'76d2209d-9ef7-4453-92f5-25bb0248d05f','proposal object (76d2209d-9ef7-4453-92f5-25bb0248d05f)',2,'[{"changed": {"fields": ["Accepted"]}}]',7,1,'2023-04-04 16:51:53.035134');
INSERT INTO "django_admin_log" VALUES(18,'76d2209d-9ef7-4453-92f5-25bb0248d05f','proposal object (76d2209d-9ef7-4453-92f5-25bb0248d05f)',2,'[{"changed": {"fields": ["Accepted"]}}]',7,1,'2023-04-04 16:55:18.678511');
INSERT INTO "django_admin_log" VALUES(19,'76d2209d-9ef7-4453-92f5-25bb0248d05f','proposal object (76d2209d-9ef7-4453-92f5-25bb0248d05f)',2,'[{"changed": {"fields": ["Accepted"]}}]',7,1,'2023-04-04 16:56:37.971842');
INSERT INTO "django_admin_log" VALUES(20,'76d2209d-9ef7-4453-92f5-25bb0248d05f','proposal object (76d2209d-9ef7-4453-92f5-25bb0248d05f)',2,'[{"changed": {"fields": ["Accepted"]}}]',7,1,'2023-04-04 17:00:51.754639');
INSERT INTO "django_admin_log" VALUES(21,'76d2209d-9ef7-4453-92f5-25bb0248d05f','proposal object (76d2209d-9ef7-4453-92f5-25bb0248d05f)',2,'[{"changed": {"fields": ["Accepted"]}}]',7,1,'2023-04-04 17:02:32.559287');
INSERT INTO "django_admin_log" VALUES(22,'76d2209d-9ef7-4453-92f5-25bb0248d05f','proposal object (76d2209d-9ef7-4453-92f5-25bb0248d05f)',2,'[{"changed": {"fields": ["Deliver"]}}]',7,1,'2023-04-05 08:25:56.225410');
INSERT INTO "django_admin_log" VALUES(23,'76d2209d-9ef7-4453-92f5-25bb0248d05f','proposal object (76d2209d-9ef7-4453-92f5-25bb0248d05f)',2,'[{"changed": {"fields": ["Accepted"]}}]',7,1,'2023-04-05 08:26:35.206171');
INSERT INTO "django_admin_log" VALUES(24,'8b78c035-5f88-4731-bace-717bcdfae106','ride object (8b78c035-5f88-4731-bace-717bcdfae106)',2,'[{"changed": {"fields": ["Verified"]}}]',8,1,'2023-04-05 11:34:58.432637');
INSERT INTO "django_admin_log" VALUES(25,'8b78c035-5f88-4731-bace-717bcdfae106','ride object (8b78c035-5f88-4731-bace-717bcdfae106)',2,'[{"changed": {"fields": ["Verified"]}}]',8,1,'2023-04-05 11:45:56.559349');
INSERT INTO "django_admin_log" VALUES(26,'8b78c035-5f88-4731-bace-717bcdfae106','ride object (8b78c035-5f88-4731-bace-717bcdfae106)',2,'[{"changed": {"fields": ["Verified"]}}]',8,1,'2023-04-05 11:48:12.428659');
INSERT INTO "django_admin_log" VALUES(27,'76d2209d-9ef7-4453-92f5-25bb0248d05f','proposal object (76d2209d-9ef7-4453-92f5-25bb0248d05f)',2,'[{"changed": {"fields": ["Accepted"]}}]',7,1,'2023-04-05 15:32:22.260244');
INSERT INTO "django_admin_log" VALUES(28,'76d2209d-9ef7-4453-92f5-25bb0248d05f','proposal object (76d2209d-9ef7-4453-92f5-25bb0248d05f)',2,'[{"changed": {"fields": ["Accepted"]}}]',7,1,'2023-04-05 15:54:58.347659');
INSERT INTO "django_admin_log" VALUES(29,'76d2209d-9ef7-4453-92f5-25bb0248d05f','proposal object (76d2209d-9ef7-4453-92f5-25bb0248d05f)',2,'[{"changed": {"fields": ["Accepted"]}}]',7,1,'2023-04-06 09:34:27.937268');
INSERT INTO "django_admin_log" VALUES(30,'76d2209d-9ef7-4453-92f5-25bb0248d05f','proposal object (76d2209d-9ef7-4453-92f5-25bb0248d05f)',2,'[{"changed": {"fields": ["Accepted"]}}]',7,1,'2023-04-06 10:38:47.076512');
INSERT INTO "django_admin_log" VALUES(31,'76d2209d-9ef7-4453-92f5-25bb0248d05f','proposal object (76d2209d-9ef7-4453-92f5-25bb0248d05f)',2,'[{"changed": {"fields": ["Deliver"]}}]',7,1,'2023-04-06 10:40:54.373634');
INSERT INTO "django_admin_log" VALUES(32,'c2877d3d-78f8-4b66-b86a-b6f96fc21acc','proposal object (c2877d3d-78f8-4b66-b86a-b6f96fc21acc)',2,'[{"changed": {"fields": ["RiderEmail", "Accepted"]}}]',7,1,'2023-04-06 16:52:48.093029');
INSERT INTO "django_admin_log" VALUES(33,'76d2209d-9ef7-4453-92f5-25bb0248d05f','proposal object (76d2209d-9ef7-4453-92f5-25bb0248d05f)',2,'[{"changed": {"fields": ["Deliver", "Accepted"]}}]',7,1,'2023-04-08 05:28:14.410268');
INSERT INTO "django_admin_log" VALUES(34,'76d2209d-9ef7-4453-92f5-25bb0248d05f','proposal object (76d2209d-9ef7-4453-92f5-25bb0248d05f)',2,'[{"changed": {"fields": ["SenderPhoneNumber"]}}]',7,1,'2023-04-08 07:32:04.337671');
INSERT INTO "django_admin_log" VALUES(35,'2','08078186010',2,'[{"changed": {"fields": ["Username", "PhoneNumber"]}}]',6,1,'2023-04-08 07:33:22.412377');
INSERT INTO "django_admin_log" VALUES(36,'76d2209d-9ef7-4453-92f5-25bb0248d05f','proposal object (76d2209d-9ef7-4453-92f5-25bb0248d05f)',2,'[{"changed": {"fields": ["SenderPhoneNumber"]}}]',7,1,'2023-04-08 07:49:56.930768');
INSERT INTO "django_admin_log" VALUES(37,'76d2209d-9ef7-4453-92f5-25bb0248d05f','proposal object (76d2209d-9ef7-4453-92f5-25bb0248d05f)',2,'[{"changed": {"fields": ["RiderPhoneNumber"]}}]',7,1,'2023-04-08 07:50:20.725769');
INSERT INTO "django_admin_log" VALUES(38,'76d2209d-9ef7-4453-92f5-25bb0248d05f','proposal object (76d2209d-9ef7-4453-92f5-25bb0248d05f)',2,'[]',7,1,'2023-04-08 07:52:16.789209');
INSERT INTO "django_admin_log" VALUES(39,'c2877d3d-78f8-4b66-b86a-b6f96fc21acc','proposal object (c2877d3d-78f8-4b66-b86a-b6f96fc21acc)',2,'[{"changed": {"fields": ["SenderPhoneNumber"]}}]',7,1,'2023-04-08 08:11:45.647207');
INSERT INTO "django_admin_log" VALUES(40,'8b78c035-5f88-4731-bace-717bcdfae106','ride object (8b78c035-5f88-4731-bace-717bcdfae106)',2,'[{"changed": {"fields": ["Latitude", "Longitude"]}}]',8,1,'2023-04-08 21:25:54.781465');
INSERT INTO "django_admin_log" VALUES(41,'8b78c035-5f88-4731-bace-717bcdfae106','ride object (8b78c035-5f88-4731-bace-717bcdfae106)',2,'[{"changed": {"fields": ["Latitude", "Longitude"]}}]',8,1,'2023-04-08 21:33:14.294160');
CREATE UNIQUE INDEX "django_content_type_app_label_model_76bd3d3b_uniq" ON "django_content_type" ("app_label", "model");
CREATE UNIQUE INDEX "auth_group_permissions_group_id_permission_id_0cd325b0_uniq" ON "auth_group_permissions" ("group_id", "permission_id");
CREATE INDEX IF NOT EXISTS "auth_group_permissions_group_id_b120cbf9" ON "auth_group_permissions" ("group_id");
CREATE INDEX IF NOT EXISTS "auth_group_permissions_permission_id_84c5c92e" ON "auth_group_permissions" ("permission_id");
CREATE UNIQUE INDEX "auth_permission_content_type_id_codename_01ab375a_uniq" ON "auth_permission" ("content_type_id", "codename");
CREATE INDEX IF NOT EXISTS "auth_permission_content_type_id_2f476e4b" ON "auth_permission" ("content_type_id");
CREATE UNIQUE INDEX "base_user_groups_user_id_group_id_774631b7_uniq" ON "base_user_groups" ("user_id", "group_id");
CREATE INDEX IF NOT EXISTS "base_user_groups_user_id_29a796b6" ON "base_user_groups" ("user_id");
CREATE INDEX IF NOT EXISTS "base_user_groups_group_id_c0eca7d6" ON "base_user_groups" ("group_id");
CREATE UNIQUE INDEX "base_user_user_permissions_user_id_permission_id_e9093277_uniq" ON "base_user_user_permissions" ("user_id", "permission_id");
CREATE INDEX IF NOT EXISTS "base_user_user_permissions_user_id_2eec4d63" ON "base_user_user_permissions" ("user_id");
CREATE INDEX IF NOT EXISTS "base_user_user_permissions_permission_id_0418bc02" ON "base_user_user_permissions" ("permission_id");
CREATE INDEX IF NOT EXISTS "django_admin_log_content_type_id_c4bce8eb" ON "django_admin_log" ("content_type_id");
CREATE INDEX IF NOT EXISTS "django_admin_log_user_id_c564eba6" ON "django_admin_log" ("user_id");
CREATE INDEX IF NOT EXISTS "django_session_expire_date_a5c62663" ON "django_session" ("expire_date");
CREATE INDEX IF NOT EXISTS "base_ride_username_id_3da1d24d" ON "base_ride" ("username_id");
CREATE TABLE IF NOT EXISTS "django_content_type" ("id" integer NOT NULL PRIMARY KEY AUTOINCREMENT, "app_label" varchar(100) NOT NULL, "model" varchar(100) NOT NULL);
INSERT INTO "django_content_type" VALUES(1,'admin','logentry');
INSERT INTO "django_content_type" VALUES(2,'auth','permission');
INSERT INTO "django_content_type" VALUES(3,'auth','group');
INSERT INTO "django_content_type" VALUES(4,'contenttypes','contenttype');
INSERT INTO "django_content_type" VALUES(5,'sessions','session');
INSERT INTO "django_content_type" VALUES(6,'base','user');
INSERT INTO "django_content_type" VALUES(7,'base','proposal');
INSERT INTO "django_content_type" VALUES(8,'base','ride');
CREATE UNIQUE INDEX "django_content_type_app_label_model_76bd3d3b_uniq" ON "django_content_type" ("app_label", "model");
CREATE UNIQUE INDEX "auth_group_permissions_group_id_permission_id_0cd325b0_uniq" ON "auth_group_permissions" ("group_id", "permission_id");
CREATE INDEX IF NOT EXISTS "auth_group_permissions_group_id_b120cbf9" ON "auth_group_permissions" ("group_id");
CREATE INDEX IF NOT EXISTS "auth_group_permissions_permission_id_84c5c92e" ON "auth_group_permissions" ("permission_id");
CREATE UNIQUE INDEX "auth_permission_content_type_id_codename_01ab375a_uniq" ON "auth_permission" ("content_type_id", "codename");
CREATE INDEX IF NOT EXISTS "auth_permission_content_type_id_2f476e4b" ON "auth_permission" ("content_type_id");
CREATE UNIQUE INDEX "base_user_groups_user_id_group_id_774631b7_uniq" ON "base_user_groups" ("user_id", "group_id");
CREATE INDEX IF NOT EXISTS "base_user_groups_user_id_29a796b6" ON "base_user_groups" ("user_id");
CREATE INDEX IF NOT EXISTS "base_user_groups_group_id_c0eca7d6" ON "base_user_groups" ("group_id");
CREATE UNIQUE INDEX "base_user_user_permissions_user_id_permission_id_e9093277_uniq" ON "base_user_user_permissions" ("user_id", "permission_id");
CREATE INDEX IF NOT EXISTS "base_user_user_permissions_user_id_2eec4d63" ON "base_user_user_permissions" ("user_id");
CREATE INDEX IF NOT EXISTS "base_user_user_permissions_permission_id_0418bc02" ON "base_user_user_permissions" ("permission_id");
CREATE INDEX IF NOT EXISTS "django_admin_log_content_type_id_c4bce8eb" ON "django_admin_log" ("content_type_id");
CREATE INDEX IF NOT EXISTS "django_admin_log_user_id_c564eba6" ON "django_admin_log" ("user_id");
CREATE INDEX IF NOT EXISTS "django_session_expire_date_a5c62663" ON "django_session" ("expire_date");
CREATE INDEX IF NOT EXISTS "base_ride_username_id_3da1d24d" ON "base_ride" ("username_id");
CREATE TABLE IF NOT EXISTS "django_migrations" ("id" integer NOT NULL PRIMARY KEY AUTOINCREMENT, "app" varchar(255) NOT NULL, "name" varchar(255) NOT NULL, "applied" datetime NOT NULL);
INSERT INTO "django_migrations" VALUES(1,'contenttypes','0001_initial','2023-03-23 14:38:01.025116');
INSERT INTO "django_migrations" VALUES(2,'contenttypes','0002_remove_content_type_name','2023-03-23 14:38:01.605236');
INSERT INTO "django_migrations" VALUES(3,'auth','0001_initial','2023-03-23 14:38:02.447944');
INSERT INTO "django_migrations" VALUES(4,'auth','0002_alter_permission_name_max_length','2023-03-23 14:38:02.834998');
INSERT INTO "django_migrations" VALUES(5,'auth','0003_alter_user_email_max_length','2023-03-23 14:38:03.209981');
INSERT INTO "django_migrations" VALUES(6,'auth','0004_alter_user_username_opts','2023-03-23 14:38:03.475587');
INSERT INTO "django_migrations" VALUES(7,'auth','0005_alter_user_last_login_null','2023-03-23 14:38:03.763365');
INSERT INTO "django_migrations" VALUES(8,'auth','0006_require_contenttypes_0002','2023-03-23 14:38:04.018977');
INSERT INTO "django_migrations" VALUES(9,'auth','0007_alter_validators_add_error_messages','2023-03-23 14:38:04.331430');
INSERT INTO "django_migrations" VALUES(10,'auth','0008_alter_user_username_max_length','2023-03-23 14:38:04.679675');
INSERT INTO "django_migrations" VALUES(11,'auth','0009_alter_user_last_name_max_length','2023-03-23 14:38:05.183687');
INSERT INTO "django_migrations" VALUES(12,'auth','0010_alter_group_name_max_length','2023-03-23 14:38:05.636794');
INSERT INTO "django_migrations" VALUES(13,'auth','0011_update_proxy_permissions','2023-03-23 14:38:06.093419');
INSERT INTO "django_migrations" VALUES(14,'auth','0012_alter_user_first_name_max_length','2023-03-23 14:38:06.343410');
INSERT INTO "django_migrations" VALUES(15,'base','0001_initial','2023-03-23 14:38:07.015776');
INSERT INTO "django_migrations" VALUES(16,'admin','0001_initial','2023-03-23 14:38:07.654263');
INSERT INTO "django_migrations" VALUES(17,'admin','0002_logentry_remove_auto_add','2023-03-23 14:38:07.982375');
INSERT INTO "django_migrations" VALUES(18,'admin','0003_logentry_add_action_flag_choices','2023-03-23 14:38:08.219297');
INSERT INTO "django_migrations" VALUES(19,'sessions','0001_initial','2023-03-23 14:38:08.656747');
INSERT INTO "django_migrations" VALUES(20,'base','0002_remove_ride_rideid_proposal_rideid','2023-03-23 14:46:26.378180');
INSERT INTO "django_migrations" VALUES(21,'base','0003_remove_proposal_rideid_proposal_ridename_and_more','2023-03-25 10:49:34.699623');
INSERT INTO "django_migrations" VALUES(22,'base','0004_proposal_sendername','2023-03-25 11:26:16.770288');
INSERT INTO "django_migrations" VALUES(23,'base','0005_ride_latitude_ride_longitude','2023-03-31 09:21:53.455323');
INSERT INTO "django_migrations" VALUES(24,'base','0006_proposal_deliverypassword','2023-04-04 10:29:53.327969');
INSERT INTO "django_migrations" VALUES(25,'base','0007_rename_location_ride_price_and_more','2023-04-07 11:50:12.241750');
INSERT INTO "django_migrations" VALUES(26,'base','0008_alter_proposal_amount_and_more','2023-04-08 07:47:47.741814');
CREATE UNIQUE INDEX "django_content_type_app_label_model_76bd3d3b_uniq" ON "django_content_type" ("app_label", "model");
CREATE UNIQUE INDEX "auth_group_permissions_group_id_permission_id_0cd325b0_uniq" ON "auth_group_permissions" ("group_id", "permission_id");
CREATE INDEX IF NOT EXISTS "auth_group_permissions_group_id_b120cbf9" ON "auth_group_permissions" ("group_id");
CREATE INDEX IF NOT EXISTS "auth_group_permissions_permission_id_84c5c92e" ON "auth_group_permissions" ("permission_id");
CREATE UNIQUE INDEX "auth_permission_content_type_id_codename_01ab375a_uniq" ON "auth_permission" ("content_type_id", "codename");
CREATE INDEX IF NOT EXISTS "auth_permission_content_type_id_2f476e4b" ON "auth_permission" ("content_type_id");
CREATE UNIQUE INDEX "base_user_groups_user_id_group_id_774631b7_uniq" ON "base_user_groups" ("user_id", "group_id");
CREATE INDEX IF NOT EXISTS "base_user_groups_user_id_29a796b6" ON "base_user_groups" ("user_id");
CREATE INDEX IF NOT EXISTS "base_user_groups_group_id_c0eca7d6" ON "base_user_groups" ("group_id");
CREATE UNIQUE INDEX "base_user_user_permissions_user_id_permission_id_e9093277_uniq" ON "base_user_user_permissions" ("user_id", "permission_id");
CREATE INDEX IF NOT EXISTS "base_user_user_permissions_user_id_2eec4d63" ON "base_user_user_permissions" ("user_id");
CREATE INDEX IF NOT EXISTS "base_user_user_permissions_permission_id_0418bc02" ON "base_user_user_permissions" ("permission_id");
CREATE INDEX IF NOT EXISTS "django_admin_log_content_type_id_c4bce8eb" ON "django_admin_log" ("content_type_id");
CREATE INDEX IF NOT EXISTS "django_admin_log_user_id_c564eba6" ON "django_admin_log" ("user_id");
CREATE INDEX IF NOT EXISTS "django_session_expire_date_a5c62663" ON "django_session" ("expire_date");
CREATE INDEX IF NOT EXISTS "base_ride_username_id_3da1d24d" ON "base_ride" ("username_id");
CREATE TABLE IF NOT EXISTS "django_session" ("session_key" varchar(40) NOT NULL PRIMARY KEY, "session_data" text NOT NULL, "expire_date" datetime NOT NULL);
INSERT INTO "django_session" VALUES('asz0iakgsoiimhjlsxfoqezzbi1w4vmk','.eJxVjEEOwiAQRe_C2hBQGBiX7nsGwjCjVA1NSrsy3l2bdKHb_977L5XyutS0dpnTyOqsrDr8bpTLQ9oG-J7bbdJlass8kt4UvdOuh4nledndv4Oae_3WxggFOnoMBQJQdF5AIGd0SNb4a2FmC5ZLBLSBTyjWAUKMUByFSOr9AdywN5U:1piBTo:wC7JqejXXjI2xz7cbzXgFruJyBcqr9y0Ntqr8zbgoHo','2023-04-14 09:55:32.343142');
INSERT INTO "django_session" VALUES('tikhxmgz0imhb7ulkbg1b13jleu16d8p','.eJxVjEEOwiAQRe_C2hBQGBiX7nsGwjCjVA1NSrsy3l2bdKHb_977L5XyutS0dpnTyOqsrDr8bpTLQ9oG-J7bbdJlass8kt4UvdOuh4nledndv4Oae_3WxggFOnoMBQJQdF5AIGd0SNb4a2FmC5ZLBLSBTyjWAUKMUByFSOr9AdywN5U:1plFwJ:4YBBNlWNpk5vMIIhWXycKguVmZHghopZ9tMPrvpnTSg','2023-04-22 21:17:39.143307');
CREATE UNIQUE INDEX "django_content_type_app_label_model_76bd3d3b_uniq" ON "django_content_type" ("app_label", "model");
CREATE UNIQUE INDEX "auth_group_permissions_group_id_permission_id_0cd325b0_uniq" ON "auth_group_permissions" ("group_id", "permission_id");
CREATE INDEX IF NOT EXISTS "auth_group_permissions_group_id_b120cbf9" ON "auth_group_permissions" ("group_id");
CREATE INDEX IF NOT EXISTS "auth_group_permissions_permission_id_84c5c92e" ON "auth_group_permissions" ("permission_id");
CREATE UNIQUE INDEX "auth_permission_content_type_id_codename_01ab375a_uniq" ON "auth_permission" ("content_type_id", "codename");
CREATE INDEX IF NOT EXISTS "auth_permission_content_type_id_2f476e4b" ON "auth_permission" ("content_type_id");
CREATE UNIQUE INDEX "base_user_groups_user_id_group_id_774631b7_uniq" ON "base_user_groups" ("user_id", "group_id");
CREATE INDEX IF NOT EXISTS "base_user_groups_user_id_29a796b6" ON "base_user_groups" ("user_id");
CREATE INDEX IF NOT EXISTS "base_user_groups_group_id_c0eca7d6" ON "base_user_groups" ("group_id");
CREATE UNIQUE INDEX "base_user_user_permissions_user_id_permission_id_e9093277_uniq" ON "base_user_user_permissions" ("user_id", "permission_id");
CREATE INDEX IF NOT EXISTS "base_user_user_permissions_user_id_2eec4d63" ON "base_user_user_permissions" ("user_id");
CREATE INDEX IF NOT EXISTS "base_user_user_permissions_permission_id_0418bc02" ON "base_user_user_permissions" ("permission_id");
CREATE INDEX IF NOT EXISTS "django_admin_log_content_type_id_c4bce8eb" ON "django_admin_log" ("content_type_id");
CREATE INDEX IF NOT EXISTS "django_admin_log_user_id_c564eba6" ON "django_admin_log" ("user_id");
CREATE INDEX IF NOT EXISTS "django_session_expire_date_a5c62663" ON "django_session" ("expire_date");
CREATE INDEX IF NOT EXISTS "base_ride_username_id_3da1d24d" ON "base_ride" ("username_id");
